{
  "num_clips": 95572,
  "num_children": 2175,
  "num_sessions": 5197,
  "age_distribution": {
    "3-4": 10112,
    "5-7": 11490,
    "8-11": 73970
  },
  "duration_sec": {
    "mean": 6.982455740174947,
    "median": 4.086,
    "std": 9.275243777321982,
    "p95": 22.82934999999999,
    "min": 0.079,
    "max": 1348.69
  },
  "words_per_clip": {
    "mean": 13.488804252291466,
    "median": 8.0,
    "std": 17.450391127755875,
    "p95": 47.0,
    "min": 0.0,
    "max": 455.0
  },
  "chars_per_clip": {
    "mean": 66.44909596953083,
    "median": 38.0,
    "std": 85.38871449886227,
    "p95": 232.0,
    "min": 1.0,
    "max": 2048.0
  },
  "clips_per_child": {
    "mean": 43.94114942528736,
    "median": 9.0,
    "std": 82.8142657201879,
    "p95": 249.0,
    "min": 1.0,
    "max": 546.0
  },
  "clips_per_session": {
    "mean": 18.38984029247643,
    "median": 13.0,
    "std": 19.373681303393692,
    "p95": 56.0,
    "min": 1.0,
    "max": 167.0
  },
  "vocabulary": {
    "total_tokens": 1289152,
    "unique_tokens": 10647,
    "type_token_ratio": 0.00825891748994688,
    "top_words": [
      [
        "the",
        95493
      ],
      [
        "and",
        54052
      ],
      [
        "it",
        43652
      ],
      [
        "a",
        29749
      ],
      [
        "to",
        26391
      ],
      [
        "is",
        21910
      ],
      [
        "that",
        19383
      ],
      [
        "you",
        19010
      ],
      [
        "um",
        18227
      ],
      [
        "like",
        17740
      ],
      [
        "i",
        16428
      ],
      [
        "of",
        16312
      ],
      [
        "we",
        14981
      ],
      [
        "in",
        12649
      ],
      [
        "then",
        11750
      ],
      [
        "it's",
        11640
      ],
      [
        "so",
        11226
      ],
      [
        "one",
        11087
      ],
      [
        "they",
        10816
      ],
      [
        "because",
        9733
      ],
      [
        "on",
        8427
      ],
      [
        "are",
        8036
      ],
      [
        "well",
        7992
      ],
      [
        "yeah",
        7802
      ],
      [
        "if",
        7183
      ]
    ],
    "top_content_words": [
      [
        "like",
        17740
      ],
      [
        "it's",
        11640
      ],
      [
        "one",
        11087
      ],
      [
        "well",
        7992
      ],
      [
        "light",
        6863
      ],
      [
        "water",
        6841
      ],
      [
        "can",
        6758
      ],
      [
        "up",
        6040
      ],
      [
        "how",
        5924
      ],
      [
        "not",
        5916
      ],
      [
        "all",
        5642
      ],
      [
        "would",
        5348
      ],
      [
        "what",
        5321
      ],
      [
        "when",
        5316
      ],
      [
        "put",
        4697
      ],
      [
        "more",
        4693
      ],
      [
        "go",
        4681
      ],
      [
        "out",
        4648
      ],
      [
        "two",
        4621
      ],
      [
        "just",
        4582
      ],
      [
        "other",
        4366
      ],
      [
        "there",
        4355
      ],
      [
        "through",
        4160
      ],
      [
        "bulb",
        3884
      ],
      [
        "about",
        3816
      ]
    ]
  },
  "data_quality_signals": {
    "empty_transcripts": 1,
    "short_clips_lt_1s": 9534,
    "long_clips_gt_30s": 2192,
    "very_long_clips_gt_60s": 158,
    "dense_transcripts_gt_100_words": 440
  }
}