{
  "num_clips": 95572,
  "age_distribution": {
    "3-4": 10112,
    "5-7": 11490,
    "8-11": 73970
  },
  "duration_sec": {
    "mean": 6.982455740174947,
    "median": 4.086,
    "p95": 22.82934999999999,
    "min": 0.079,
    "max": 1348.69
  },
  "words_per_clip": {
    "mean": 13.493638304105804,
    "median": 8.0,
    "p95": 47.0,
    "min": 1,
    "max": 455
  },
  "chars_per_clip": {
    "mean": 66.44909596953083,
    "median": 38.0,
    "p95": 232.0,
    "min": 1,
    "max": 2048
  }
}